,Latitude,Longitude,Number of schools,Rating,Schools,Site Name
0,38.96,-77.42,12,5,College Entertainment Network,Center for Innovation Technology
1,38.96,-77.42,12,3.9,Northern Virginia Community College - Loudoun Campus,Center for Innovation Technology
2,38.96,-77.42,12,NAN,"Waddell Building, NVCC Loudoun Campus",Center for Innovation Technology
3,38.96,-77.42,12,NAN,"Higher Education Center, NVCC Loudoun Campus",Center for Innovation Technology
4,38.96,-77.42,12,4.6,Northern Virginia Community College - Reston Center,Center for Innovation Technology
5,38.96,-77.42,12,NAN,College Admission Agency,Center for Innovation Technology
6,38.96,-77.42,12,2.4,NOVA Workforce - Signal Hill,Center for Innovation Technology
7,38.96,-77.42,12,NAN,Veterans Affairs Admissions,Center for Innovation Technology
8,38.96,-77.42,12,3,George Mason University Executive Programs,Center for Innovation Technology
9,38.96,-77.42,12,NAN,Superior Aircraft Services,Center for Innovation Technology
10,38.96,-77.42,12,NAN,Eagle Ridge Middle School,Center for Innovation Technology
11,38.96,-77.42,12,NAN,Certified Project Managers LLC,Center for Innovation Technology
12,38.84,-77.05,20,NAN,American College of Surgeons,Crystal City and Potomac Yard
13,38.84,-77.05,20,4.6,Colegio Interamericano de Defensa / Inter-American Defense College,Crystal City and Potomac Yard
14,38.84,-77.05,20,5,National Bible College and Seminary,Crystal City and Potomac Yard
15,38.84,-77.05,20,NAN,Va Tech College-Architecture,Crystal City and Potomac Yard
16,38.84,-77.05,20,NAN,Independent Colleges Office,Crystal City and Potomac Yard
17,38.84,-77.05,20,NAN,American College of Greece,Crystal City and Potomac Yard
18,38.84,-77.05,20,4.7,Association of American Medical Colleges,Crystal City and Potomac Yard
19,38.84,-77.05,20,1,Excelsior College,Crystal City and Potomac Yard
20,38.84,-77.05,20,NAN,Palmer College Of Chiropractic,Crystal City and Potomac Yard
21,38.84,-77.05,20,NAN,"College of Energy, Environment & Sustainability - CEES",Crystal City and Potomac Yard
22,38.84,-77.05,20,NAN,Columbian College of Arts & Sciences,Crystal City and Potomac Yard
23,38.84,-77.05,20,NAN,"Indiana Chapter, American College of Cardiology",Crystal City and Potomac Yard
24,38.84,-77.05,20,3.9,Strayer University,Crystal City and Potomac Yard
25,38.84,-77.05,20,NAN,The College for Public Leadership,Crystal City and Potomac Yard
26,38.84,-77.05,20,3,Georgetown College,Crystal City and Potomac Yard
27,38.84,-77.05,20,NAN,American University of Beirut Government Affairs,Crystal City and Potomac Yard
28,38.84,-77.05,20,4.1,UDC Community College,Crystal City and Potomac Yard
29,38.84,-77.05,20,3.8,Corcoran School of the Arts & Design GW,Crystal City and Potomac Yard
30,38.84,-77.05,20,2.3,Northern Virginia Community,Crystal City and Potomac Yard
31,38.84,-77.05,20,NAN,Institute For European-Russian,Crystal City and Potomac Yard
32,38.86,-77.01,20,NAN,American College of Surgeons,Nationals Park/ D.C United Stadium
33,38.86,-77.01,20,4.9,Howard University College of Medicine,Nationals Park/ D.C United Stadium
34,38.86,-77.01,20,4.6,Colegio Interamericano de Defensa / Inter-American Defense College,Nationals Park/ D.C United Stadium
35,38.86,-77.01,20,5,National Bible College and Seminary,Nationals Park/ D.C United Stadium
36,38.86,-77.01,20,NAN,Howard University College of Arts and Sciences,Nationals Park/ D.C United Stadium
37,38.86,-77.01,20,NAN,Theological College,Nationals Park/ D.C United Stadium
38,38.86,-77.01,20,5,"Howard University College of Engineering, Architecture, and Computer Sciences",Nationals Park/ D.C United Stadium
39,38.86,-77.01,20,NAN,College-Preachers Washington,Nationals Park/ D.C United Stadium
40,38.86,-77.01,20,NAN,Independent Colleges Office,Nationals Park/ D.C United Stadium
41,38.86,-77.01,20,NAN,American College of Greece,Nationals Park/ D.C United Stadium
42,38.86,-77.01,20,4.7,Association of American Medical Colleges,Nationals Park/ D.C United Stadium
43,38.86,-77.01,20,1,Excelsior College,Nationals Park/ D.C United Stadium
44,38.86,-77.01,20,NAN,Palmer College Of Chiropractic,Nationals Park/ D.C United Stadium
45,38.86,-77.01,20,NAN,"College of Energy, Environment & Sustainability - CEES",Nationals Park/ D.C United Stadium
46,38.86,-77.01,20,4.5,Lado International Institute,Nationals Park/ D.C United Stadium
47,38.86,-77.01,20,NAN,Columbian College of Arts & Sciences,Nationals Park/ D.C United Stadium
48,38.86,-77.01,20,NAN,"Indiana Chapter, American College of Cardiology",Nationals Park/ D.C United Stadium
49,38.86,-77.01,20,NAN,The College for Public Leadership,Nationals Park/ D.C United Stadium
50,38.86,-77.01,20,3,Georgetown College,Nationals Park/ D.C United Stadium
51,38.86,-77.01,20,NAN,American University of Beirut Government Affairs,Nationals Park/ D.C United Stadium
52,38.89,-77,20,4.1,American University Washington College of Law,Union Station
53,38.89,-77,20,NAN,American College of Surgeons,Union Station
54,38.89,-77,20,4.9,Howard University College of Medicine,Union Station
55,38.89,-77,20,4.6,Colegio Interamericano de Defensa / Inter-American Defense College,Union Station
56,38.89,-77,20,NAN,Howard University College of Arts and Sciences,Union Station
57,38.89,-77,20,NAN,Theological College,Union Station
58,38.89,-77,20,5,"Howard University College of Engineering, Architecture, and Computer Sciences",Union Station
59,38.89,-77,20,NAN,College-Preachers Washington,Union Station
60,38.89,-77,20,NAN,Independent Colleges Office,Union Station
61,38.89,-77,20,NAN,American College of Greece,Union Station
62,38.89,-77,20,4.7,Association of American Medical Colleges,Union Station
63,38.89,-77,20,1,Excelsior College,Union Station
64,38.89,-77,20,NAN,Palmer College Of Chiropractic,Union Station
65,38.89,-77,20,4.5,Lado International Institute,Union Station
66,38.89,-77,20,NAN,campion college of washington,Union Station
67,38.89,-77,20,NAN,Columbian College of Arts & Sciences,Union Station
68,38.89,-77,20,NAN,The College for Public Leadership,Union Station
69,38.89,-77,20,3,Georgetown College,Union Station
70,38.89,-77,20,3,Marist College,Union Station
71,38.89,-77,20,NAN,American University of Beirut Government Affairs,Union Station
72,38.88,-76.97,20,NAN,American College of Surgeons,Hill-East Neighborhood
73,38.88,-76.97,20,4.2,Howard University | College of Dentistry,Hill-East Neighborhood
74,38.88,-76.97,20,4.6,Colegio Interamericano de Defensa / Inter-American Defense College,Hill-East Neighborhood
75,38.88,-76.97,20,NAN,Howard University College of Arts and Sciences,Hill-East Neighborhood
76,38.88,-76.97,20,NAN,Theological College,Hill-East Neighborhood
77,38.88,-76.97,20,5,"Howard University College of Engineering, Architecture, and Computer Sciences",Hill-East Neighborhood
78,38.88,-76.97,20,NAN,Independent Colleges Office,Hill-East Neighborhood
79,38.88,-76.97,20,NAN,American College of Greece,Hill-East Neighborhood
80,38.88,-76.97,20,4.7,Association of American Medical Colleges,Hill-East Neighborhood
81,38.88,-76.97,20,1,Excelsior College,Hill-East Neighborhood
82,38.88,-76.97,20,NAN,Palmer College Of Chiropractic,Hill-East Neighborhood
83,38.88,-76.97,20,NAN,Columbian College of Arts & Sciences,Hill-East Neighborhood
84,38.88,-76.97,20,NAN,The College for Public Leadership,Hill-East Neighborhood
85,38.88,-76.97,20,3,Marist College,Hill-East Neighborhood
86,38.88,-76.97,20,NAN,American University of Beirut Government Affairs,Hill-East Neighborhood
87,38.88,-76.97,20,4.1,UDC Community College,Hill-East Neighborhood
88,38.88,-76.97,20,3.8,Corcoran School of the Arts & Design GW,Hill-East Neighborhood
89,38.88,-76.97,20,NAN,Institute For European-Russian,Hill-East Neighborhood
90,38.88,-76.97,20,NAN,College of America,Hill-East Neighborhood
91,38.88,-76.97,20,1,Claremont Mc Kenna College,Hill-East Neighborhood
92,38.91,-77.02,20,4.1,American University Washington College of Law,Shaw-Howard University Area
93,38.91,-77.02,20,NAN,American College of Surgeons,Shaw-Howard University Area
94,38.91,-77.02,20,NAN,College Park Sports Inc,Shaw-Howard University Area
95,38.91,-77.02,20,NAN,American College of Medical Genetics,Shaw-Howard University Area
96,38.91,-77.02,20,4.9,Howard University College of Medicine,Shaw-Howard University Area
97,38.91,-77.02,20,4.6,Colegio Interamericano de Defensa / Inter-American Defense College,Shaw-Howard University Area
98,38.91,-77.02,20,NAN,Howard University College of Arts and Sciences,Shaw-Howard University Area
99,38.91,-77.02,20,NAN,Theological College,Shaw-Howard University Area
100,38.91,-77.02,20,5,"Howard University College of Engineering, Architecture, and Computer Sciences",Shaw-Howard University Area
101,38.91,-77.02,20,NAN,College-Preachers Washington,Shaw-Howard University Area
102,38.91,-77.02,20,NAN,Independent Colleges Office,Shaw-Howard University Area
103,38.91,-77.02,20,NAN,American College of Greece,Shaw-Howard University Area
104,38.91,-77.02,20,4.7,Association of American Medical Colleges,Shaw-Howard University Area
105,38.91,-77.02,20,1,Excelsior College,Shaw-Howard University Area
106,38.91,-77.02,20,NAN,Palmer College Of Chiropractic,Shaw-Howard University Area
107,38.91,-77.02,20,4.5,Lado International Institute,Shaw-Howard University Area
108,38.91,-77.02,20,NAN,The College for Public Leadership,Shaw-Howard University Area
109,38.91,-77.02,20,3,Georgetown College,Shaw-Howard University Area
110,38.91,-77.02,20,2.3,Northern Virginia Community,Shaw-Howard University Area
111,38.91,-77.02,20,3,Marist College,Shaw-Howard University Area
112,34.1802,-118.6028,20,NAN,Animal Behavior College,Warner Center West San Fernando Valley
113,34.1802,-118.6028,20,4.8,College of Nursing and Technology,Warner Center West San Fernando Valley
114,34.1802,-118.6028,20,NAN,College of the Humanities,Warner Center West San Fernando Valley
115,34.1802,-118.6028,20,5,Sober College School of Addiction Studies,Warner Center West San Fernando Valley
116,34.1802,-118.6028,20,2.5,California Career College,Warner Center West San Fernando Valley
117,34.1802,-118.6028,20,1,Pierce College Office-Academic,Warner Center West San Fernando Valley
118,34.1802,-118.6028,20,NAN,Global College-Behavioral Mod,Warner Center West San Fernando Valley
119,34.1802,-118.6028,20,5,College Zoom (Private College Counselor),Warner Center West San Fernando Valley
120,34.1802,-118.6028,20,NAN,College of Engineering and Computer Science,Warner Center West San Fernando Valley
121,34.1802,-118.6028,20,NAN,Bradford College,Warner Center West San Fernando Valley
122,34.1802,-118.6028,20,3.9,Pierce College,Warner Center West San Fernando Valley
123,34.1802,-118.6028,20,4.6,Columbia College Hollywood,Warner Center West San Fernando Valley
124,34.1802,-118.6028,20,NAN,Assessment Center,Warner Center West San Fernando Valley
125,34.1802,-118.6028,20,4,"Tseng College at California State University, Northridge",Warner Center West San Fernando Valley
126,34.1802,-118.6028,20,4,Hypnosis Motivation Institute,Warner Center West San Fernando Valley
127,34.1802,-118.6028,20,4.5,"WorkSource Center, Canoga Park, CA",Warner Center West San Fernando Valley
128,34.1802,-118.6028,20,NAN,American College-Sports Medicine,Warner Center West San Fernando Valley
129,34.1802,-118.6028,20,NAN,NIU College,Warner Center West San Fernando Valley
130,34.1802,-118.6028,20,NAN,Inter Coast College,Warner Center West San Fernando Valley
131,34.1802,-118.6028,20,2.9,Valley College of Medical Careers,Warner Center West San Fernando Valley
132,34.4318,-118.5584,12,NAN,College Bound Strategies,New Hall Ranch Santa Clarita Valley
133,34.4318,-118.5584,12,NAN,Viewpoint College,New Hall Ranch Santa Clarita Valley
134,34.4318,-118.5584,12,5,College Planning Experts,New Hall Ranch Santa Clarita Valley
135,34.4318,-118.5584,12,NAN,college of the canyons,New Hall Ranch Santa Clarita Valley
136,34.4318,-118.5584,12,4.4,College of the Canyons,New Hall Ranch Santa Clarita Valley
137,34.4318,-118.5584,12,4,Animal Behavior College,New Hall Ranch Santa Clarita Valley
138,34.4318,-118.5584,12,NAN,Computer and Information Sciences,New Hall Ranch Santa Clarita Valley
139,34.4318,-118.5584,12,NAN,Brandman University,New Hall Ranch Santa Clarita Valley
140,34.4318,-118.5584,12,4.7,The Master's University,New Hall Ranch Santa Clarita Valley
141,34.4318,-118.5584,12,NAN,University of La Verne,New Hall Ranch Santa Clarita Valley
142,34.4318,-118.5584,12,4.2,Santa Clarita School of Performing Arts,New Hall Ranch Santa Clarita Valley
143,34.4318,-118.5584,12,5,Business and Teacher Education Center,New Hall Ranch Santa Clarita Valley
144,34.0885,-117.7702,20,4.4,Pomona College,Pomona Fairplex
145,34.0885,-117.7702,20,5,College of Osteopathic Medicine of the Pacific,Pomona Fairplex
146,34.0885,-117.7702,20,4.5,"Admissions & Records Office, Mt. San Antonio College",Pomona Fairplex
147,34.0885,-117.7702,20,NAN,Mt Saint Antonio College Building 40,Pomona Fairplex
148,34.0885,-117.7702,20,4.5,College of Agriculture Bldg 2,Pomona Fairplex
149,34.0885,-117.7702,20,NAN,"The College of Letters, Arts, and Social Sciences Bldg 5",Pomona Fairplex
150,34.0885,-117.7702,20,5,College Park Retail Center LP,Pomona Fairplex
151,34.0885,-117.7702,20,4.3,Pacific Baptist College,Pomona Fairplex
152,34.0885,-117.7702,20,NAN,American Medical Career College,Pomona Fairplex
153,34.0885,-117.7702,20,3.9,Claremont Colleges,Pomona Fairplex
154,34.0885,-117.7702,20,4.4,Pitzer College,Pomona Fairplex
155,34.0885,-117.7702,20,4.2,Claremont McKenna College,Pomona Fairplex
156,34.0885,-117.7702,20,4.3,Harvey Mudd College,Pomona Fairplex
157,34.0885,-117.7702,20,4.7,Scripps College,Pomona Fairplex
158,34.0885,-117.7702,20,NAN,Mt. SAC Bldg. 26 - MATH,Pomona Fairplex
159,34.0885,-117.7702,20,NAN,Draper Center for Community Partnerships,Pomona Fairplex
160,34.0885,-117.7702,20,NAN,Chaffey College: Chino Building,Pomona Fairplex
161,34.0885,-117.7702,20,4.2,Life Pacific College,Pomona Fairplex
162,34.0885,-117.7702,20,NAN,SMITH CLOCK TOWER - POMONA COLLEGE,Pomona Fairplex
163,34.0885,-117.7702,20,3.4,North-West College - Pomona,Pomona Fairplex
164,42.39,-71,20,NAN,College Year In Athens,Suffolk Downs
165,42.39,-71,20,4.3,New England College of Optometry,Suffolk Downs
166,42.39,-71,20,3.4,Boston Architectural College,Suffolk Downs
167,42.39,-71,20,3.9,Northeastern University College of Engineering,Suffolk Downs
168,42.39,-71,20,3,ASA College Planning Center,Suffolk Downs
169,42.39,-71,20,NAN,Gibbs College,Suffolk Downs
170,42.39,-71,20,NAN,American College of Greece,Suffolk Downs
171,42.39,-71,20,NAN,Trustees of Tufts College Inc,Suffolk Downs
172,42.39,-71,20,NAN,Accelerated College Experiences,Suffolk Downs
173,42.39,-71,20,NAN,college ged programs,Suffolk Downs
174,42.39,-71,20,NAN,Emerson College LB 7th Floor,Suffolk Downs
175,42.39,-71,20,NAN,Anatolia College Office of the Trustees,Suffolk Downs
176,42.39,-71,20,4.5,Fisher College,Suffolk Downs
177,42.39,-71,20,3.4,Cambridge College,Suffolk Downs
178,42.39,-71,20,4.4,Berklee College of Music,Suffolk Downs
179,42.39,-71,20,4.1,Bay State College,Suffolk Downs
180,42.39,-71,20,3.6,Roxbury Community College,Suffolk Downs
181,42.39,-71,20,NAN,Springfield College School of Human Services,Suffolk Downs
182,42.39,-71,20,NAN,American University of Greece,Suffolk Downs
183,42.39,-71,20,NAN,Emerson College-Comm Disorders,Suffolk Downs
184,42.34,-71.03,20,4.4,Berklee College of Music,South Boston Waterfront
185,42.34,-71.03,20,3.4,Boston Architectural College,South Boston Waterfront
186,42.34,-71.03,20,NAN,Emmanuel College - Graduate Studies,South Boston Waterfront
187,42.34,-71.03,20,4,Simmons College,South Boston Waterfront
188,42.34,-71.03,20,3.9,Northeastern University College of Engineering,South Boston Waterfront
189,42.34,-71.03,20,4.4,Bottom Line College Counseling,South Boston Waterfront
190,42.34,-71.03,20,4.3,New England College of Optometry,South Boston Waterfront
191,42.34,-71.03,20,4.5,Sargent College,South Boston Waterfront
192,42.34,-71.03,20,4.3,College of Communication,South Boston Waterfront
193,42.34,-71.03,20,NAN,College of Arts & Sciences (CAS),South Boston Waterfront
194,42.34,-71.03,20,3,Simmons College Health Center,South Boston Waterfront
195,42.34,-71.03,20,4.6,Boston University Metropolitan College,South Boston Waterfront
196,42.34,-71.03,20,NAN,College Year In Athens,South Boston Waterfront
197,42.34,-71.03,20,3,ASA College Planning Center,South Boston Waterfront
198,42.34,-71.03,20,NAN,Colleges of the Fenway,South Boston Waterfront
199,42.34,-71.03,20,NAN,Lesley College Malloch Hall,South Boston Waterfront
200,42.34,-71.03,20,NAN,Gibbs College,South Boston Waterfront
201,42.34,-71.03,20,NAN,Sargent College Clinical Center,South Boston Waterfront
202,42.34,-71.03,20,NAN,American College of Greece,South Boston Waterfront
203,42.34,-71.03,20,NAN,Trustees of Tufts College Inc,South Boston Waterfront
204,42.35,-71.05,20,4.4,Berklee College of Music,Downtown
205,42.35,-71.05,20,NAN,Emmanuel College - Graduate Studies,Downtown
206,42.35,-71.05,20,4,Simmons College,Downtown
207,42.35,-71.05,20,3.4,Boston Architectural College,Downtown
208,42.35,-71.05,20,3.9,Northeastern University College of Engineering,Downtown
209,42.35,-71.05,20,4.9,Hellenic College and Holy Cross Greek Orthodox School Of Theology,Downtown
210,42.35,-71.05,20,4.4,Bottom Line College Counseling,Downtown
211,42.35,-71.05,20,4.3,New England College of Optometry,Downtown
212,42.35,-71.05,20,4.5,Sargent College,Downtown
213,42.35,-71.05,20,4.3,College of Communication,Downtown
214,42.35,-71.05,20,NAN,College of Arts & Sciences (CAS),Downtown
215,42.35,-71.05,20,3,Simmons College Health Center,Downtown
216,42.35,-71.05,20,4.6,Boston University Metropolitan College,Downtown
217,42.35,-71.05,20,4.6,Harvard College Admissions Visitor Center,Downtown
218,42.35,-71.05,20,NAN,College Year In Athens,Downtown
219,42.35,-71.05,20,3,ASA College Planning Center,Downtown
220,42.35,-71.05,20,NAN,Colleges of the Fenway,Downtown
221,42.35,-71.05,20,3,New England College-Optometry,Downtown
222,42.35,-71.05,20,NAN,Lesley College Malloch Hall,Downtown
223,42.35,-71.05,20,NAN,Gibbs College,Downtown
224,42.34,-71.06,20,4.4,Berklee College of Music,South End
225,42.34,-71.06,20,NAN,Emmanuel College - Graduate Studies,South End
226,42.34,-71.06,20,4,Simmons College,South End
227,42.34,-71.06,20,3.4,Boston Architectural College,South End
228,42.34,-71.06,20,3.9,Northeastern University College of Engineering,South End
229,42.34,-71.06,20,4.3,New England College of Optometry,South End
230,42.34,-71.06,20,3,New England College-Optometry,South End
231,42.34,-71.06,20,4.9,Hellenic College and Holy Cross Greek Orthodox School Of Theology,South End
232,42.34,-71.06,20,4.4,Bottom Line College Counseling,South End
233,42.34,-71.06,20,4.5,Sargent College,South End
234,42.34,-71.06,20,4.3,College of Communication,South End
235,42.34,-71.06,20,NAN,College of Arts & Sciences (CAS),South End
236,42.34,-71.06,20,3,Simmons College Health Center,South End
237,42.34,-71.06,20,4.6,Boston University Metropolitan College,South End
238,42.34,-71.06,20,4.6,Harvard College Admissions Visitor Center,South End
239,42.34,-71.06,20,NAN,College Year In Athens,South End
240,42.34,-71.06,20,3,ASA College Planning Center,South End
241,42.34,-71.06,20,NAN,Colleges of the Fenway,South End
242,42.34,-71.06,20,NAN,Lesley College Malloch Hall,South End
243,42.34,-71.06,20,NAN,Gibbs College,South End
244,40.75,-74,20,3.8,John Jay College of Criminal Justice,Hudson Yards
245,40.75,-74,20,4.5,College of St Rose,Hudson Yards
246,40.75,-74,20,4.1,LIM College,Hudson Yards
247,40.75,-74,20,4.2,New York College Of Podiatric Medicine,Hudson Yards
248,40.75,-74,20,4.5,NYU Rory Meyers College of Nursing,Hudson Yards
249,40.75,-74,20,NAN,NYU College of Global Public Health,Hudson Yards
250,40.75,-74,20,NAN,"Touro College, School of Health Sciences (SHS) - New York Campus - West 40th St",Hudson Yards
251,40.75,-74,20,5,City College of New York Marshak Science Building,Hudson Yards
252,40.75,-74,20,4,Weill Cornell Medicine,Hudson Yards
253,40.75,-74,20,4.6,KIPP NYC College Prep,Hudson Yards
254,40.75,-74,20,NAN,Community Colleges In China,Hudson Yards
255,40.75,-74,20,NAN,The King's College,Hudson Yards
256,40.75,-74,20,4.1,Pacific College of Oriental Medicine,Hudson Yards
257,40.75,-74,20,4.7,Center For Worker Education,Hudson Yards
258,40.75,-74,20,NAN,Athen's College,Hudson Yards
259,40.75,-74,20,5,Hudson County Community College,Hudson Yards
260,40.75,-74,20,2.8,Baruch College Career Dev Center,Hudson Yards
261,40.75,-74,20,4.3,Hudson County Community College,Hudson Yards
262,40.75,-74,20,NAN,College of St Francis Xavier,Hudson Yards
263,40.75,-74,20,2.7,LaGuardia Community College. B Building,Hudson Yards
264,40.74,-73.94,20,3.8,John Jay College of Criminal Justice,Long Island City
265,40.74,-73.94,20,4.5,College of St Rose,Long Island City
266,40.74,-73.94,20,4.1,LIM College,Long Island City
267,40.74,-73.94,20,4.2,New York College Of Podiatric Medicine,Long Island City
268,40.74,-73.94,20,4.5,NYU Rory Meyers College of Nursing,Long Island City
269,40.74,-73.94,20,NAN,NYU College of Global Public Health,Long Island City
270,40.74,-73.94,20,NAN,"Touro College, School of Health Sciences (SHS) - New York Campus - West 40th St",Long Island City
271,40.74,-73.94,20,NAN,Islamic Center College point,Long Island City
272,40.74,-73.94,20,4,Weill Cornell Medicine,Long Island City
273,40.74,-73.94,20,NAN,Community Colleges In China,Long Island City
274,40.74,-73.94,20,NAN,The King's College,Long Island City
275,40.74,-73.94,20,4.1,Pacific College of Oriental Medicine,Long Island City
276,40.74,-73.94,20,4.7,Center For Worker Education,Long Island City
277,40.74,-73.94,20,NAN,Athen's College,Long Island City
278,40.74,-73.94,20,2.8,Baruch College Career Dev Center,Long Island City
279,40.74,-73.94,20,5,Princeton College Consulting,Long Island City
280,40.74,-73.94,20,NAN,College of St Francis Xavier,Long Island City
281,40.74,-73.94,20,2.7,LaGuardia Community College. B Building,Long Island City
282,40.74,-73.94,20,3.7,Weill Cornell Medical College,Long Island City
283,40.74,-73.94,20,NAN,Small Business Development Center at Baruch College,Long Island City
284,40.7,-73.98,20,4,Brooklyn College,Brooklyn Tech Triangle
285,40.7,-73.98,20,3.8,John Jay College of Criminal Justice,Brooklyn Tech Triangle
286,40.7,-73.98,20,4.5,College of St Rose,Brooklyn Tech Triangle
287,40.7,-73.98,20,4.1,LIM College,Brooklyn Tech Triangle
288,40.7,-73.98,20,4.5,NYU Rory Meyers College of Nursing,Brooklyn Tech Triangle
289,40.7,-73.98,20,NAN,NYU College of Global Public Health,Brooklyn Tech Triangle
290,40.7,-73.98,20,NAN,"Touro College, School of Health Sciences (SHS) - New York Campus - West 40th St",Brooklyn Tech Triangle
291,40.7,-73.98,20,4,Weill Cornell Medicine,Brooklyn Tech Triangle
292,40.7,-73.98,20,NAN,Community Colleges In China,Brooklyn Tech Triangle
293,40.7,-73.98,20,4.1,Pacific College of Oriental Medicine,Brooklyn Tech Triangle
294,40.7,-73.98,20,4.7,Center For Worker Education,Brooklyn Tech Triangle
295,40.7,-73.98,20,NAN,Athen's College,Brooklyn Tech Triangle
296,40.7,-73.98,20,5,Hudson County Community College,Brooklyn Tech Triangle
297,40.7,-73.98,20,2.8,Baruch College Career Dev Center,Brooklyn Tech Triangle
298,40.7,-73.98,20,NAN,College of St Francis Xavier,Brooklyn Tech Triangle
299,40.7,-73.98,20,2.7,LaGuardia Community College. B Building,Brooklyn Tech Triangle
300,40.7,-73.98,20,NAN,LGBT Social Science and Public Policy Center at Hunter College,Brooklyn Tech Triangle
301,40.7,-73.98,20,4.8,Tri-State College of Acupuncture,Brooklyn Tech Triangle
302,40.7,-73.98,20,NAN,Hunter College MFA Building,Brooklyn Tech Triangle
303,40.7,-73.98,20,5,Hebrew Union College - Jewish Institute of Religion,Brooklyn Tech Triangle
304,40.7,-74.01,20,4,Brooklyn College,Financial District
305,40.7,-74.01,20,3.8,John Jay College of Criminal Justice,Financial District
306,40.7,-74.01,20,4.5,College of St Rose,Financial District
307,40.7,-74.01,20,4.5,Brooklyn College Alumni Association,Financial District
308,40.7,-74.01,20,4.1,LIM College,Financial District
309,40.7,-74.01,20,4.5,NYU Rory Meyers College of Nursing,Financial District
310,40.7,-74.01,20,NAN,NYU College of Global Public Health,Financial District
311,40.7,-74.01,20,5,The King's College,Financial District
312,40.7,-74.01,20,4,Weill Cornell Medicine,Financial District
313,40.7,-74.01,20,NAN,Community Colleges In China,Financial District
314,40.7,-74.01,20,4.1,Pacific College of Oriental Medicine,Financial District
315,40.7,-74.01,20,4.7,Center For Worker Education,Financial District
316,40.7,-74.01,20,NAN,Athen's College,Financial District
317,40.7,-74.01,20,5,Hudson County Community College,Financial District
318,40.7,-74.01,20,NAN,"Touro College, School of Health Sciences (SHS) - New York Campus - West 40th St",Financial District
319,40.7,-74.01,20,2.8,Baruch College Career Dev Center,Financial District
320,40.7,-74.01,20,NAN,College of St Francis Xavier,Financial District
321,40.7,-74.01,20,2.7,LaGuardia Community College. B Building,Financial District
322,40.7,-74.01,20,NAN,Small Business Development Center at Baruch College,Financial District
323,40.7,-74.01,20,NAN,LGBT Social Science and Public Policy Center at Hunter College,Financial District
324,41.91,-87.64,20,1.4,Chicago Jane Addams College of Social Work,Lincoln Yards
325,41.91,-87.64,20,4.8,UIC College of Pharmacy,Lincoln Yards
326,41.91,-87.64,20,4.3,Rush University College of Nursing,Lincoln Yards
327,41.91,-87.64,20,4,University of Illinois College of Medicine,Lincoln Yards
328,41.91,-87.64,20,4.9,Pacific College of Oriental Medicine - Chicago,Lincoln Yards
329,41.91,-87.64,20,3.3,Westwood College - Chicago Loop Campus,Lincoln Yards
330,41.91,-87.64,20,2.5,American College of Healthcare Executives,Lincoln Yards
331,41.91,-87.64,20,4,Columbia College Art & Design Building,Lincoln Yards
332,41.91,-87.64,20,4,Workforce Institute of the City Colleges of Chicago,Lincoln Yards
333,41.91,-87.64,20,4.9,DePaul University - College of Law,Lincoln Yards
334,41.91,-87.64,20,1,Sanford-Brown College - Chicago,Lincoln Yards
335,41.91,-87.64,20,5,National College of Naprapathic Medicine,Lincoln Yards
336,41.91,-87.64,20,NAN,College of Liberal Arts and Sciences,Lincoln Yards
337,41.91,-87.64,20,3,Central YMCA Community College,Lincoln Yards
338,41.91,-87.64,20,4,College of Nursing at the University of Illinois at chicago,Lincoln Yards
339,41.91,-87.64,20,4.7,University of Illinois at Chicago College of Dentistry,Lincoln Yards
340,41.91,-87.64,20,2.4,DePaul University - Loop Campus,Lincoln Yards
341,41.91,-87.64,20,NAN,Quiroga College,Lincoln Yards
342,41.91,-87.64,20,NAN,Chicago College of Medicine,Lincoln Yards
343,41.91,-87.64,20,NAN,College of Arts & Sciences,Lincoln Yards
344,41.89,-87.64,20,1.4,Chicago Jane Addams College of Social Work,The River District
345,41.89,-87.64,20,4.8,UIC College of Pharmacy,The River District
346,41.89,-87.64,20,4.3,Rush University College of Nursing,The River District
347,41.89,-87.64,20,4,University of Illinois College of Medicine,The River District
348,41.89,-87.64,20,4.9,Pacific College of Oriental Medicine - Chicago,The River District
349,41.89,-87.64,20,3.3,Westwood College - Chicago Loop Campus,The River District
350,41.89,-87.64,20,2.5,American College of Healthcare Executives,The River District
351,41.89,-87.64,20,4,Columbia College Art & Design Building,The River District
352,41.89,-87.64,20,4,Workforce Institute of the City Colleges of Chicago,The River District
353,41.89,-87.64,20,4.9,DePaul University - College of Law,The River District
354,41.89,-87.64,20,1,Sanford-Brown College - Chicago,The River District
355,41.89,-87.64,20,5,Armour College of Engineering,The River District
356,41.89,-87.64,20,5,National College of Naprapathic Medicine,The River District
357,41.89,-87.64,20,NAN,College of Liberal Arts and Sciences,The River District
358,41.89,-87.64,20,3,Central YMCA Community College,The River District
359,41.89,-87.64,20,NAN,Matthews Illinois College,The River District
360,41.89,-87.64,20,4,College of Nursing at the University of Illinois at chicago,The River District
361,41.89,-87.64,20,4.7,University of Illinois at Chicago College of Dentistry,The River District
362,41.89,-87.64,20,2.4,DePaul University - Loop Campus,The River District
363,41.89,-87.64,20,NAN,Quiroga College,The River District
364,41.88,-87.65,20,1.4,Chicago Jane Addams College of Social Work,Futton Market
365,41.88,-87.65,20,4.8,UIC College of Pharmacy,Futton Market
366,41.88,-87.65,20,4.3,Rush University College of Nursing,Futton Market
367,41.88,-87.65,20,4,University of Illinois College of Medicine,Futton Market
368,41.88,-87.65,20,4.9,Pacific College of Oriental Medicine - Chicago,Futton Market
369,41.88,-87.65,20,3.3,Westwood College - Chicago Loop Campus,Futton Market
370,41.88,-87.65,20,2.5,American College of Healthcare Executives,Futton Market
371,41.88,-87.65,20,4,Columbia College Art & Design Building,Futton Market
372,41.88,-87.65,20,4,Workforce Institute of the City Colleges of Chicago,Futton Market
373,41.88,-87.65,20,4.9,DePaul University - College of Law,Futton Market
374,41.88,-87.65,20,1,Sanford-Brown College - Chicago,Futton Market
375,41.88,-87.65,20,5,Armour College of Engineering,Futton Market
376,41.88,-87.65,20,5,National College of Naprapathic Medicine,Futton Market
377,41.88,-87.65,20,NAN,College of Liberal Arts and Sciences,Futton Market
378,41.88,-87.65,20,3,Central YMCA Community College,Futton Market
379,41.88,-87.65,20,NAN,Matthews Illinois College,Futton Market
380,41.88,-87.65,20,4,College of Nursing at the University of Illinois at chicago,Futton Market
381,41.88,-87.65,20,4.7,University of Illinois at Chicago College of Dentistry,Futton Market
382,41.88,-87.65,20,2.4,DePaul University - Loop Campus,Futton Market
383,41.88,-87.65,20,NAN,Quiroga College,Futton Market
384,41.87,-87.63,20,4.8,UIC College of Pharmacy,City Center Campus
385,41.87,-87.63,20,4.3,Rush University College of Nursing,City Center Campus
386,41.87,-87.63,20,4,University of Illinois College of Medicine,City Center Campus
387,41.87,-87.63,20,2.4,DePaul University - Loop Campus,City Center Campus
388,41.87,-87.63,20,4.9,Pacific College of Oriental Medicine - Chicago,City Center Campus
389,41.87,-87.63,20,3.3,Westwood College - Chicago Loop Campus,City Center Campus
390,41.87,-87.63,20,2.5,American College of Healthcare Executives,City Center Campus
391,41.87,-87.63,20,1.4,Chicago Jane Addams College of Social Work,City Center Campus
392,41.87,-87.63,20,4,Columbia College Art & Design Building,City Center Campus
393,41.87,-87.63,20,4,Workforce Institute of the City Colleges of Chicago,City Center Campus
394,41.87,-87.63,20,4.9,DePaul University - College of Law,City Center Campus
395,41.87,-87.63,20,1,Sanford-Brown College - Chicago,City Center Campus
396,41.87,-87.63,20,5,Armour College of Engineering,City Center Campus
397,41.87,-87.63,20,NAN,College of Liberal Arts and Sciences,City Center Campus
398,41.87,-87.63,20,3,Central YMCA Community College,City Center Campus
399,41.87,-87.63,20,NAN,Matthews Illinois College,City Center Campus
400,41.87,-87.63,20,4,College of Nursing at the University of Illinois at chicago,City Center Campus
401,41.87,-87.63,20,4.7,University of Illinois at Chicago College of Dentistry,City Center Campus
402,41.87,-87.63,20,NAN,Quiroga College,City Center Campus
403,41.87,-87.63,20,NAN,Chicago College of Medicine,City Center Campus
404,41.87,-87.62,20,4.8,UIC College of Pharmacy,The Downtown District
405,41.87,-87.62,20,4.3,Rush University College of Nursing,The Downtown District
406,41.87,-87.62,20,4,University of Illinois College of Medicine,The Downtown District
407,41.87,-87.62,20,4.9,Pacific College of Oriental Medicine - Chicago,The Downtown District
408,41.87,-87.62,20,3.3,Westwood College - Chicago Loop Campus,The Downtown District
409,41.87,-87.62,20,2.5,American College of Healthcare Executives,The Downtown District
410,41.87,-87.62,20,1.4,Chicago Jane Addams College of Social Work,The Downtown District
411,41.87,-87.62,20,4,Columbia College Art & Design Building,The Downtown District
412,41.87,-87.62,20,4,Workforce Institute of the City Colleges of Chicago,The Downtown District
413,41.87,-87.62,20,4.9,DePaul University - College of Law,The Downtown District
414,41.87,-87.62,20,1,Sanford-Brown College - Chicago,The Downtown District
415,41.87,-87.62,20,5,Armour College of Engineering,The Downtown District
416,41.87,-87.62,20,NAN,College of Liberal Arts and Sciences,The Downtown District
417,41.87,-87.62,20,3,Central YMCA Community College,The Downtown District
418,41.87,-87.62,20,NAN,Matthews Illinois College,The Downtown District
419,41.87,-87.62,20,4,College of Nursing at the University of Illinois at chicago,The Downtown District
420,41.87,-87.62,20,4.7,University of Illinois at Chicago College of Dentistry,The Downtown District
421,41.87,-87.62,20,2.4,DePaul University - Loop Campus,The Downtown District
422,41.87,-87.62,20,NAN,Quiroga College,The Downtown District
423,41.87,-87.62,20,NAN,Chicago College of Medicine,The Downtown District
424,41.86,-87.67,20,4.3,Rush University College of Nursing,The Illinois Medical District
425,41.86,-87.67,20,4,University of Illinois College of Medicine,The Illinois Medical District
426,41.86,-87.67,20,4.9,Pacific College of Oriental Medicine - Chicago,The Illinois Medical District
427,41.86,-87.67,20,3.3,Westwood College - Chicago Loop Campus,The Illinois Medical District
428,41.86,-87.67,20,2.5,American College of Healthcare Executives,The Illinois Medical District
429,41.86,-87.67,20,1.4,Chicago Jane Addams College of Social Work,The Illinois Medical District
430,41.86,-87.67,20,4,Columbia College Art & Design Building,The Illinois Medical District
431,41.86,-87.67,20,4,Workforce Institute of the City Colleges of Chicago,The Illinois Medical District
432,41.86,-87.67,20,4.9,DePaul University - College of Law,The Illinois Medical District
433,41.86,-87.67,20,4.8,UIC College of Pharmacy,The Illinois Medical District
434,41.86,-87.67,20,1,Sanford-Brown College - Chicago,The Illinois Medical District
435,41.86,-87.67,20,5,Armour College of Engineering,The Illinois Medical District
436,41.86,-87.67,20,NAN,College of Liberal Arts and Sciences,The Illinois Medical District
437,41.86,-87.67,20,3,Central YMCA Community College,The Illinois Medical District
438,41.86,-87.67,20,NAN,Matthews Illinois College,The Illinois Medical District
439,41.86,-87.67,20,4,College of Nursing at the University of Illinois at chicago,The Illinois Medical District
440,41.86,-87.67,20,4.7,University of Illinois at Chicago College of Dentistry,The Illinois Medical District
441,41.86,-87.67,20,2.4,DePaul University - Loop Campus,The Illinois Medical District
442,41.86,-87.67,20,NAN,Quiroga College,The Illinois Medical District
443,41.86,-87.67,20,NAN,Chicago College of Medicine,The Illinois Medical District
444,41.85,-87.66,20,4.3,Rush University College of Nursing,The 78
445,41.85,-87.66,20,4,University of Illinois College of Medicine,The 78
446,41.85,-87.66,20,4.9,Pacific College of Oriental Medicine - Chicago,The 78
447,41.85,-87.66,20,3.3,Westwood College - Chicago Loop Campus,The 78
448,41.85,-87.66,20,2.5,American College of Healthcare Executives,The 78
449,41.85,-87.66,20,1.4,Chicago Jane Addams College of Social Work,The 78
450,41.85,-87.66,20,4,Columbia College Art & Design Building,The 78
451,41.85,-87.66,20,4,Workforce Institute of the City Colleges of Chicago,The 78
452,41.85,-87.66,20,4.9,DePaul University - College of Law,The 78
453,41.85,-87.66,20,4.8,Kennedy-King College,The 78
454,41.85,-87.66,20,4.8,UIC College of Pharmacy,The 78
455,41.85,-87.66,20,1,Sanford-Brown College - Chicago,The 78
456,41.85,-87.66,20,5,Armour College of Engineering,The 78
457,41.85,-87.66,20,NAN,College of Liberal Arts and Sciences,The 78
458,41.85,-87.66,20,3,Central YMCA Community College,The 78
459,41.85,-87.66,20,NAN,Matthews Illinois College,The 78
460,41.85,-87.66,20,4,College of Nursing at the University of Illinois at chicago,The 78
461,41.85,-87.66,20,4.7,University of Illinois at Chicago College of Dentistry,The 78
462,41.85,-87.66,20,2.4,DePaul University - Loop Campus,The 78
463,41.85,-87.66,20,NAN,Quiroga College,The 78
464,41.83,-87.6,20,4.3,Rush University College of Nursing,Burnham Lakefront
465,41.83,-87.6,20,4,University of Illinois College of Medicine,Burnham Lakefront
466,41.83,-87.6,20,4.8,UIC College of Pharmacy,Burnham Lakefront
467,41.83,-87.6,20,4.9,Pacific College of Oriental Medicine - Chicago,Burnham Lakefront
468,41.83,-87.6,20,3.3,Westwood College - Chicago Loop Campus,Burnham Lakefront
469,41.83,-87.6,20,2.5,American College of Healthcare Executives,Burnham Lakefront
470,41.83,-87.6,20,1.4,Chicago Jane Addams College of Social Work,Burnham Lakefront
471,41.83,-87.6,20,4,Columbia College Art & Design Building,Burnham Lakefront
472,41.83,-87.6,20,4,Workforce Institute of the City Colleges of Chicago,Burnham Lakefront
473,41.83,-87.6,20,4.9,DePaul University - College of Law,Burnham Lakefront
474,41.83,-87.6,20,4.8,Kennedy-King College,Burnham Lakefront
475,41.83,-87.6,20,1,Sanford-Brown College - Chicago,Burnham Lakefront
476,41.83,-87.6,20,5,Armour College of Engineering,Burnham Lakefront
477,41.83,-87.6,20,NAN,College of Liberal Arts and Sciences,Burnham Lakefront
478,41.83,-87.6,20,3,Central YMCA Community College,Burnham Lakefront
479,41.83,-87.6,20,NAN,Matthews Illinois College,Burnham Lakefront
480,41.83,-87.6,20,NAN,Kennedy King College,Burnham Lakefront
481,41.83,-87.6,20,4,College of Nursing at the University of Illinois at chicago,Burnham Lakefront
482,41.83,-87.6,20,4.7,University of Illinois at Chicago College of Dentistry,Burnham Lakefront
483,41.83,-87.6,20,2.4,DePaul University - Loop Campus,Burnham Lakefront
484,35.9,-78.87,14,4.8,Carolina Career College,Research Triangle Park
485,35.9,-78.87,14,NAN,North Carolina Bible College,Research Triangle Park
486,35.9,-78.87,14,NAN,Victory International College,Research Triangle Park
487,35.9,-78.87,14,NAN,Harrison College,Research Triangle Park
488,35.9,-78.87,14,5,North Carolina Wesleyan Clg,Research Triangle Park
489,35.9,-78.87,14,5,University of Mount Olive at Research Triangle Park (RTP),Research Triangle Park
490,35.9,-78.87,14,NAN,Wake Technical Community College - RTP Campus,Research Triangle Park
491,35.9,-78.87,14,NAN,Hosanna Bible College,Research Triangle Park
492,35.9,-78.87,14,NAN,Durham Tech/Glaxo Wellcome Technology Center,Research Triangle Park
493,35.9,-78.87,14,NAN,DPS Early College High School,Research Triangle Park
494,35.9,-78.87,14,4.2,Apex School of Theology,Research Triangle Park
495,35.9,-78.87,14,NAN,Pfeiffer University - Raleigh-Durham,Research Triangle Park
496,35.9,-78.87,14,5,NC Wesleyan Aspire,Research Triangle Park
497,35.9,-78.87,14,3.7,Strayer University,Research Triangle Park
498,35.85,-79.08,19,5,UNC College of Arts & Sciences,Chatham Park
499,35.85,-79.08,19,4.3,Academic Advising Program College of Arts and Sciences & General College,Chatham Park
500,35.85,-79.08,19,NAN,ESPN University of Nc,Chatham Park
501,35.85,-79.08,19,NAN,Chapel Hill College,Chatham Park
502,35.85,-79.08,19,3,University Career Services,Chatham Park
503,35.85,-79.08,19,NAN,University-Nc-Dental Research,Chatham Park
504,35.85,-79.08,19,NAN,Center European Studies University,Chatham Park
505,35.85,-79.08,19,NAN,University Nc Hospitals,Chatham Park
506,35.85,-79.08,19,5,Kenan Institute-Private Enterprises,Chatham Park
507,35.85,-79.08,19,NAN,UNC Chapel Hill-Dorms,Chatham Park
508,35.85,-79.08,19,NAN,North Carolina Institute for Public Health (NCIPH),Chatham Park
509,35.85,-79.08,19,NAN,Center For Aging & Health,Chatham Park
510,35.85,-79.08,19,NAN,General College,Chatham Park
511,35.85,-79.08,19,4.2,UNC School of Nursing,Chatham Park
512,35.85,-79.08,19,NAN,UNC School of Medicine,Chatham Park
513,35.85,-79.08,19,3.5,UNC School of Dentistry,Chatham Park
514,35.85,-79.08,19,NAN,Family Support Network,Chatham Park
515,35.85,-79.08,19,3,UNC School of Law Office of Admissions,Chatham Park
516,35.85,-79.08,19,4.7,UNC Kenan-Flagler Business School,Chatham Park
517,35.77,-78.64,20,5,College of Humanities and Social Sciences,Warehouse District
518,35.77,-78.64,20,5,Charis Bible College,Warehouse District
519,35.77,-78.64,20,NAN,Justice Fellowship College,Warehouse District
520,35.77,-78.64,20,4.4,Meredith College,Warehouse District
521,35.77,-78.64,20,4.5,North Carolina Community Colleges System Office,Warehouse District
522,35.77,-78.64,20,NAN,Wake Technical Adult Education Center Annex,Warehouse District
523,35.77,-78.64,20,4.8,Poole College of Management at North Carolina State University,Warehouse District
524,35.77,-78.64,20,NAN,College of Natural Resources,Warehouse District
525,35.77,-78.64,20,NAN,Meredith College,Warehouse District
526,35.77,-78.64,20,2.3,Miller-Motte College,Warehouse District
527,35.77,-78.64,20,NAN,Institute of Textile Technology,Warehouse District
528,35.77,-78.64,20,NAN,Wolfpack Motorsports,Warehouse District
529,35.77,-78.64,20,NAN,Weisiger-Brown Athletics Facility,Warehouse District
530,35.77,-78.64,20,4.6,NC State University - Engineering Building II,Warehouse District
531,35.77,-78.64,20,4.6,The NC State College of Veterinary Medicine,Warehouse District
532,35.77,-78.64,20,4.2,Wake STEM Early College High School,Warehouse District
533,35.77,-78.64,20,3.7,Wake Early College of Health and Sciences,Warehouse District
534,35.77,-78.64,20,NAN,College of Education,Warehouse District
535,35.77,-78.64,20,3.6,Saint Augustine’s University,Warehouse District
536,35.77,-78.64,20,NAN,Carroll Health Center,Warehouse District
537,33.7615,-84.3856,20,4.3,College of Law,Downtown Atlanta
538,33.7615,-84.3856,20,4.6,Scheller College of Business,Downtown Atlanta
539,33.7615,-84.3856,20,NAN,Pre-College Program,Downtown Atlanta
540,33.7615,-84.3856,20,NAN,O C P West College LLC,Downtown Atlanta
541,33.7615,-84.3856,20,5,Grace Bible College & Seminary,Downtown Atlanta
542,33.7615,-84.3856,20,NAN,Ivan Allen College of Liberal Arts,Downtown Atlanta
543,33.7615,-84.3856,20,NAN,College Planning Services,Downtown Atlanta
544,33.7615,-84.3856,20,4.8,Georgia State University J. Mack Robinson College of Business,Downtown Atlanta
545,33.7615,-84.3856,20,NAN,Corinthian Colleges,Downtown Atlanta
546,33.7615,-84.3856,20,NAN,College Coed's,Downtown Atlanta
547,33.7615,-84.3856,20,NAN,College Guys Working,Downtown Atlanta
548,33.7615,-84.3856,20,4.7,Spelman College,Downtown Atlanta
549,33.7615,-84.3856,20,4.6,Morehouse College,Downtown Atlanta
550,33.7615,-84.3856,20,2.7,Atlanta Metropolitan State College,Downtown Atlanta
551,33.7615,-84.3856,20,2.7,Atlanta Technical College,Downtown Atlanta
552,33.7615,-84.3856,20,5,Emory College of Arts and Sciences,Downtown Atlanta
553,33.7615,-84.3856,20,4.6,Morris Brown College,Downtown Atlanta
554,33.7615,-84.3856,20,4,Georgia State University Honors College,Downtown Atlanta
555,33.7615,-84.3856,20,4.3,College of Design,Downtown Atlanta
556,33.7615,-84.3856,20,NAN,Hugh M. Gloster Hall,Downtown Atlanta
557,34.5129,-93.0431,7,4.8,National Park College,Midtown
558,34.5129,-93.0431,7,4,Champion Christian College,Midtown
559,34.5129,-93.0431,7,NAN,National Park Community Clg,Midtown
560,34.5129,-93.0431,7,NAN,National Park College Amphitheater,Midtown
561,34.5129,-93.0431,7,4.3,"Arkansas School for Mathematics, Sciences and the Arts",Midtown
562,34.5129,-93.0431,7,4.5,Hot Springs Beauty College,Midtown
563,34.5129,-93.0431,7,2.8,ACTI,Midtown
564,33.904,-84.2843,18,NAN,Brown Mackie College Atlanta,Former GM plant
565,33.904,-84.2843,18,NAN,Massey College of Business,Former GM plant
566,33.904,-84.2843,18,3.2,Ashworth College,Former GM plant
567,33.904,-84.2843,18,3.5,Georgia State University: Perimeter College - Dunwoody Campus,Former GM plant
568,33.904,-84.2843,18,4.2,Technical College System of Georgia,Former GM plant
569,33.904,-84.2843,18,5,Atlanta Leadership College,Former GM plant
570,33.904,-84.2843,18,4.8,"Mercer University, Tift College of Education",Former GM plant
571,33.904,-84.2843,18,3.4,Chamberlain University College of Nursing,Former GM plant
572,33.904,-84.2843,18,NAN,Charis Bible College,Former GM plant
573,33.904,-84.2843,18,3.7,American National College,Former GM plant
574,33.904,-84.2843,18,5,Georgia Baptist College of Nursing,Former GM plant
575,33.904,-84.2843,18,5,American College of Rheumatology,Former GM plant
576,33.904,-84.2843,18,NAN,Gwinnette College,Former GM plant
577,33.904,-84.2843,18,3.6,Cambridge College of Healthcare and Technology,Former GM plant
578,33.904,-84.2843,18,4.7,Terry Executive Education Center,Former GM plant
579,33.904,-84.2843,18,NAN,Georgia Perimeter College Office of Information Technology,Former GM plant
580,33.904,-84.2843,18,NAN,College English,Former GM plant
581,33.904,-84.2843,18,NAN,UGA Professional MBA Programs,Former GM plant
582,33.9133,-84.3888,15,NAN,Brown Mackie College Atlanta,The High Street Site
583,33.9133,-84.3888,15,4.5,Gwinnett College - Sandy Springs,The High Street Site
584,33.9133,-84.3888,15,NAN,Massey College of Business,The High Street Site
585,33.9133,-84.3888,15,NAN,College Counseling Center-Atlanta,The High Street Site
586,33.9133,-84.3888,15,1,National Accreditation-College,The High Street Site
587,33.9133,-84.3888,15,3.5,Georgia State University: Perimeter College - Dunwoody Campus,The High Street Site
588,33.9133,-84.3888,15,4.2,Technical College System of Georgia,The High Street Site
589,33.9133,-84.3888,15,5,Holy Spirit College,The High Street Site
590,33.9133,-84.3888,15,3.4,Chamberlain University College of Nursing,The High Street Site
591,33.9133,-84.3888,15,4.5,Peachtree College Planning,The High Street Site
592,33.9133,-84.3888,15,5,American College of Rheumatology,The High Street Site
593,33.9133,-84.3888,15,NAN,Gwinnette College,The High Street Site
594,33.9133,-84.3888,15,3.6,Cambridge College of Healthcare and Technology,The High Street Site
595,33.9133,-84.3888,15,4.7,Terry Executive Education Center,The High Street Site
596,33.9133,-84.3888,15,NAN,UGA Professional MBA Programs,The High Street Site
597,30.2586,-97.7444,20,3.4,Austin Community College,American-Statesman 
598,30.2586,-97.7444,20,4.8,College of Natural Sciences,American-Statesman 
599,30.2586,-97.7444,20,3.7,The College of Education,American-Statesman 
600,30.2586,-97.7444,20,4.7,Moody College of Communication,American-Statesman 
601,30.2586,-97.7444,20,4.7,College of Liberal Arts,American-Statesman 
602,30.2586,-97.7444,20,NAN,Texas State Technical College,American-Statesman 
603,30.2586,-97.7444,20,NAN,Texas College of Emergency,American-Statesman 
604,30.2586,-97.7444,20,NAN,The College of Health Care Professons,American-Statesman 
605,30.2586,-97.7444,20,NAN,College Entrance Examination,American-Statesman 
606,30.2586,-97.7444,20,4.8,University of Texas At Austin: College of Fine Arts,American-Statesman 
607,30.2586,-97.7444,20,4.3,Austin Community College: Eastview Campus,American-Statesman 
608,30.2586,-97.7444,20,5,National EMS Academy,American-Statesman 
609,30.2586,-97.7444,20,4.1,Austin Community College,American-Statesman 
610,30.2586,-97.7444,20,3.8,Austin Community College: South Austin Campus,American-Statesman 
611,30.2586,-97.7444,20,3.6,Austin Community College: Highland Business Center,American-Statesman 
612,30.2586,-97.7444,20,3,East Austin College Prep,American-Statesman 
613,30.2586,-97.7444,20,NAN,Center for Community College Student Engagement,American-Statesman 
614,30.2586,-97.7444,20,4.4,Texas Health and Science University,American-Statesman 
615,30.2586,-97.7444,20,4.1,East Austin College Prep,American-Statesman 
616,30.2586,-97.7444,20,4,ACC Auto Body Shop-Crockett,American-Statesman 
617,30.2714,-97.6647,20,3.4,Austin Community College,Eightfold
618,30.2714,-97.6647,20,4.8,College of Natural Sciences,Eightfold
619,30.2714,-97.6647,20,3.7,The College of Education,Eightfold
620,30.2714,-97.6647,20,4.7,Moody College of Communication,Eightfold
621,30.2714,-97.6647,20,4.7,College of Liberal Arts,Eightfold
622,30.2714,-97.6647,20,NAN,Texas State Technical College,Eightfold
623,30.2714,-97.6647,20,NAN,The College of Health Care Professons,Eightfold
624,30.2714,-97.6647,20,4.8,University of Texas At Austin: College of Fine Arts,Eightfold
625,30.2714,-97.6647,20,4.3,Austin Community College: Eastview Campus,Eightfold
626,30.2714,-97.6647,20,5,National EMS Academy,Eightfold
627,30.2714,-97.6647,20,4.1,Austin Community College,Eightfold
628,30.2714,-97.6647,20,3.6,Austin Community College: Highland Business Center,Eightfold
629,30.2714,-97.6647,20,4,Austin Community College: Service Center,Eightfold
630,30.2714,-97.6647,20,2.7,Altierus Career Colleges,Eightfold
631,30.2714,-97.6647,20,3,East Austin College Prep,Eightfold
632,30.2714,-97.6647,20,NAN,Center for Community College Student Engagement,Eightfold
633,30.2714,-97.6647,20,4.1,East Austin College Prep,Eightfold
634,30.2714,-97.6647,20,3.8,Vantage College Austin,Eightfold
635,30.2714,-97.6647,20,3.2,KIPP Austin College Prep,Eightfold
636,30.2714,-97.6647,20,3.5,LB Johnson Early College High School,Eightfold
637,30.199,-97.8276,13,NAN,Texas College of Emergency,Former 3M site
638,30.199,-97.8276,13,NAN,Go College Planning,Former 3M site
639,30.199,-97.8276,13,NAN,College Entrance Examination,Former 3M site
640,30.199,-97.8276,13,3.5,Austin Community College: Pinnacle Campus,Former 3M site
641,30.199,-97.8276,13,3.8,Austin Community College: South Austin Campus,Former 3M site
642,30.199,-97.8276,13,4.4,Texas Health and Science University,Former 3M site
643,30.199,-97.8276,13,4,ACC Auto Body Shop-Crockett,Former 3M site
644,30.199,-97.8276,13,NAN,Le Mans Hall,Former 3M site
645,30.199,-97.8276,13,NAN,Basil Moreau Hall,Former 3M site
646,30.199,-97.8276,13,3.5,Ayurveda Center Austin,Former 3M site
647,30.199,-97.8276,13,4.6,St. Edward's University,Former 3M site
648,30.199,-97.8276,13,NAN,Travis Early College High School,Former 3M site
649,30.199,-97.8276,13,3.4,The Texas State University System,Former 3M site
650,30.4015,-97.7268,15,NAN,College Funding Specialist,The Domain
651,30.4015,-97.7268,15,NAN,College Choice Austin,The Domain
652,30.4015,-97.7268,15,4.1,Austin Community College: Northridge Campus,The Domain
653,30.4015,-97.7268,15,4,Austin Community College: Service Center,The Domain
654,30.4015,-97.7268,15,2.7,Altierus Career Colleges,The Domain
655,30.4015,-97.7268,15,3.8,Vantage College Austin,The Domain
656,30.4015,-97.7268,15,NAN,Austin Campus,The Domain
657,30.4015,-97.7268,15,NAN,Austin Community College: Stonehollow Photographic Studio,The Domain
658,30.4015,-97.7268,15,3.2,KIPP Austin College Prep,The Domain
659,30.4015,-97.7268,15,NAN,Le Tourneau University,The Domain
660,30.4015,-97.7268,15,3.9,Virginia College in Austin,The Domain
661,30.4015,-97.7268,15,5,College Living Experience,The Domain
662,30.4015,-97.7268,15,3,University of Phoenix - Austin Campus,The Domain
663,30.4015,-97.7268,15,5,National American University Roueche Graduate Center,The Domain
664,30.4015,-97.7268,15,4.3,Austin Graduate School of Theology,The Domain
665,30.4014,-97.7147,15,NAN,College Funding Specialist,Bardmoor Campus
666,30.4014,-97.7147,15,NAN,College Choice Austin,Bardmoor Campus
667,30.4014,-97.7147,15,4.1,Austin Community College: Northridge Campus,Bardmoor Campus
668,30.4014,-97.7147,15,4,Austin Community College: Service Center,Bardmoor Campus
669,30.4014,-97.7147,15,2.7,Altierus Career Colleges,Bardmoor Campus
670,30.4014,-97.7147,15,3.8,Vantage College Austin,Bardmoor Campus
671,30.4014,-97.7147,15,NAN,Austin Campus,Bardmoor Campus
672,30.4014,-97.7147,15,NAN,Austin Community College: Stonehollow Photographic Studio,Bardmoor Campus
673,30.4014,-97.7147,15,3.2,KIPP Austin College Prep,Bardmoor Campus
674,30.4014,-97.7147,15,NAN,Le Tourneau University,Bardmoor Campus
675,30.4014,-97.7147,15,3.9,Virginia College in Austin,Bardmoor Campus
676,30.4014,-97.7147,15,5,College Living Experience,Bardmoor Campus
677,30.4014,-97.7147,15,3,University of Phoenix - Austin Campus,Bardmoor Campus
678,30.4014,-97.7147,15,5,National American University Roueche Graduate Center,Bardmoor Campus
679,30.4014,-97.7147,15,4.3,Austin Graduate School of Theology,Bardmoor Campus
680,30.4704,-97.7701,14,NAN,College Funding Specialist,Robinson Ranch
681,30.4704,-97.7701,14,4.1,Austin Community College: Northridge Campus,Robinson Ranch
682,30.4704,-97.7701,14,3.7,Austin Community College,Robinson Ranch
683,30.4704,-97.7701,14,5,College Living Experience,Robinson Ranch
684,30.4704,-97.7701,14,NAN,Austin College of Music,Robinson Ranch
685,30.4704,-97.7701,14,NAN,hi-iq academic college prospect camps upcoming camp,Robinson Ranch
686,30.4704,-97.7701,14,3.9,Concordia University Texas,Robinson Ranch
687,30.4704,-97.7701,14,NAN,Dallas Theological Seminary (DTS Austin),Robinson Ranch
688,30.4704,-97.7701,14,3,University of Phoenix - Austin Campus,Robinson Ranch
689,30.4704,-97.7701,14,3.1,"South University, Austin",Robinson Ranch
690,30.4704,-97.7701,14,4.4,Star of Texas Dental Assisting School,Robinson Ranch
691,30.4704,-97.7701,14,4.5,Austin Dental Assistant School -North,Robinson Ranch
692,30.4704,-97.7701,14,4,Austin Dental Assistant School (Round Rock),Robinson Ranch
693,30.4704,-97.7701,14,3.2,National American University,Robinson Ranch
